PassengerID,FirstName,LastName,Email,PhoneNumber,DateOfBirth
20,Kellan,Smith,kelder@gmail.com,4064385291,1916/11/09
40,Travis,Tymen,travist@bresnan.net,4064385291,1970/03/22
60,Kelly ,Anderson,Kanderson@gamil.com,4064592190,1971/09/06
80,Marcus ,Welnel,mas@yahoo.com,4069853572,1996/04/11
100,Carter ,Pappas,ppp@yahoo.com,4068975123,1958/05/07
120,Mckinlee,Mihelish,khelish@gmail.com,4064815921,2001/07/12
140,Drew,Deck,drewdeck@gmail.com,4065682151,2000/09/03
160,Maddie,Martine,Maddm@gmail.com,4068972564,2002/12/24
180,Drew,Brees,breez@yahoo.com,8973465987,1968/11/16
200,KK,Lawerance,kk@gamil.com,4068973516,2002/04/18
220,Mckenzie,Poteet,kpoteet@gmail.com,8156435246,2000/08/30
240,Aryiana,Ridlon,aririd@gmail.com,4064598731,2001/06/15
260,Kylie ,Hanson,khanson@gmail.com,4062589634,2002/11/23
280,Maria,Moore,moore@gmail.com,8975642345,2001/12/31
300,Mashayla,O'Malley,momalley@gmail.com,5013465214,2001/01/15
320,Ike ,Duncan,iked@gmail.com,4068975123,1996/08/25
340,Seth,Schenider,sschenider@gmail.com,4063125624,1996/07/25
